Coffee and breakfast,18.75,FOOD,2026-09-01
Food delivery,32.40,FOOD,2026-09-02
New headphones,129.99,ENTERTAINMENT,2026-09-03
Rideshare to work,24.80,TRANSPORTATION,2026-09-03
Streaming subscriptions,64.97,ENTERTAINMENT,2026-09-04
Restaurant dinner,86.50,FOOD,2026-09-05
Concert tickets,175.00,ENTERTAINMENT,2026-09-06
Rideshare home,31.60,TRANSPORTATION,2026-09-06
Online clothing order,142.35,ENTERTAINMENT,2026-09-07
Takeout lunch,27.85,FOOD,2026-09-08
Electric bill,118.42,UTILITIES,2026-09-09
Gaming purchase,59.99,ENTERTAINMENT,2026-09-10
Coffee,7.25,FOOD,2026-09-10
Gas station snacks,22.18,FOOD,2026-09-11
Rideshare to restaurant,19.45,TRANSPORTATION,2026-09-12
Restaurant dinner,104.20,FOOD,2026-09-12
Weekend hotel,289.00,ENTERTAINMENT,2026-09-13
Food delivery,41.75,FOOD,2026-09-14
Internet bill,89.99,UTILITIES,2026-09-15
New shoes,164.80,ENTERTAINMENT,2026-09-16
Rideshare to work,22.35,TRANSPORTATION,2026-09-17
Coffee and pastry,15.60,FOOD,2026-09-17
Movie tickets and snacks,48.00,ENTERTAINMENT,2026-09-18
Bar tab,97.30,ENTERTAINMENT,2026-09-19
Food delivery,36.90,FOOD,2026-09-20
Phone bill,95.00,UTILITIES,2026-09-21
Impulse grocery trip,76.44,FOOD,2026-09-22
Rideshare home,28.70,TRANSPORTATION,2026-09-23
Concert merchandise,82.00,ENTERTAINMENT,2026-09-24
Takeout lunch,29.50,FOOD,2026-09-25
Late-night food delivery,53.25,FOOD,2026-09-26
Weekend shopping,218.90,ENTERTAINMENT,2026-09-27
Rideshare to airport,46.25,TRANSPORTATION,2026-09-28
Test,20.00,FOOD,2026-09-28
Coffee,10.00,FOOD,2026-09-28
